{"type":"data","nodes":[null,{"type":"data","data":[{"data":1,"IncomePercent":5,"RawPercentage":90,"ZScores":236,"genData":366,"yearData":398},[2,3,4],"a","b","c",[6,12,16,21,27,35,43,52,60,67,74,82],{"Year":7,"Food":8,"Alcohol & Tobacco":9,"Housing":10,"Apparel ":11,"Healthcare":10,"Insurance":10,"Entertainment":10,"Reading and Education":10,"Misc":10,"Religion and Charity":10,"Personal care":10,"Transportation":10},"1901","0.2318259439","0.00927578762","","0.06445170406",{"Year":13,"Food":14,"Alcohol & Tobacco":10,"Housing":10,"Apparel ":15,"Healthcare":10,"Insurance":10,"Entertainment":10,"Reading and Education":10,"Misc":10,"Religion and Charity":10,"Personal care":10,"Transportation":10},"1919","0.1985983756","0.08600957142",{"Year":17,"Food":18,"Alcohol & Tobacco":10,"Housing":19,"Apparel ":20,"Healthcare":10,"Insurance":10,"Entertainment":10,"Reading and Education":10,"Misc":10,"Religion and Charity":10,"Personal care":10,"Transportation":10},"1936","0.1535983756","0.007609090517","0.03300957142",{"Year":22,"Food":23,"Alcohol & Tobacco":10,"Housing":10,"Apparel ":24,"Healthcare":10,"Insurance":10,"Entertainment":10,"Reading and Education":10,"Misc":10,"Religion and Charity":25,"Personal care":26,"Transportation":10},"1944","0.1561389575","0.06336638612","0.009571976936","0.008288201649",{"Year":28,"Food":29,"Alcohol & Tobacco":30,"Housing":10,"Apparel ":31,"Healthcare":32,"Insurance":10,"Entertainment":10,"Reading and Education":10,"Misc":10,"Religion and Charity":33,"Personal care":34,"Transportation":10},"1950","0.07861561235","0.02003473844","0.02473674621","0.002795150954","0.01168336571","0.007855963443",{"Year":36,"Food":37,"Alcohol & Tobacco":38,"Housing":10,"Apparel ":39,"Healthcare":40,"Insurance":10,"Entertainment":10,"Reading and Education":10,"Misc":10,"Religion and Charity":41,"Personal care":42,"Transportation":10},"1961","0.02566459255","0.009368590181","0.01596767545","0.005787740743","0.01372010154","0.01258985981",{"Year":44,"Food":10,"Alcohol & Tobacco":45,"Housing":10,"Apparel ":10,"Healthcare":46,"Insurance":10,"Entertainment":47,"Reading and Education":48,"Misc":10,"Religion and Charity":49,"Personal care":50,"Transportation":51},"1973","0.004632969487","0.0008887378686","0.03141990689","0.00001499263109","0.01738269743","0.004216676195","0.004131173506",{"Year":53,"Food":10,"Alcohol & Tobacco":54,"Housing":55,"Apparel ":10,"Healthcare":10,"Insurance":56,"Entertainment":57,"Reading and Education":58,"Misc":10,"Religion and Charity":10,"Personal care":10,"Transportation":59},"1984","0.002256462254","0.01786165024","0.009143438498","0.005004550626","0.003700596746","0.0320859208",{"Year":61,"Food":10,"Alcohol & Tobacco":10,"Housing":62,"Apparel ":10,"Healthcare":10,"Insurance":63,"Entertainment":64,"Reading and Education":65,"Misc":10,"Religion and Charity":10,"Personal care":10,"Transportation":66},"1995","0.04126616961","0.01468516521","0.006958256218","0.003524764936","0.02262669265",{"Year":68,"Food":10,"Alcohol & Tobacco":10,"Housing":69,"Apparel ":10,"Healthcare":70,"Insurance":10,"Entertainment":71,"Reading and Education":72,"Misc":10,"Religion and Charity":10,"Personal care":10,"Transportation":73},"2005","0.04201129699","0.002831798609","0.06912887177","0.006875057508","0.01601970282",{"Year":75,"Food":10,"Alcohol & Tobacco":10,"Housing":76,"Apparel ":10,"Healthcare":77,"Insurance":78,"Entertainment":79,"Reading and Education":80,"Misc":10,"Religion and Charity":10,"Personal care":10,"Transportation":81},"2013","0.05118638993","0.01648589111","0.0309981079","0.005566877946","0.008171519717","0.0124305127",{"Year":83,"Food":10,"Alcohol & Tobacco":10,"Housing":84,"Apparel ":10,"Healthcare":85,"Insurance":86,"Entertainment":87,"Reading and Education":88,"Misc":10,"Religion and Charity":89,"Personal care":10,"Transportation":10},"2021","0.05362905227","0.0268898138","0.04045194397","0.01030647017","0.003926890562","0.0000965707577",[91,101,110,119,132,145,158,171,184,197,210,223],{"Year":7,"Food":92,"Alcohol & Tobacco":93,"Housing":94,"Apparel ":95,"Healthcare":96,"Insurance":10,"Entertainment":97,"Reading and Education":98,"Misc":99,"Religion and Charity":100,"Personal care":10,"Transportation":10},"0.4252275683","0.02990897269","0.2327698309","0.1404421326","0.05201560468","0.0156046814","0.01040312094","0.08062418726","0.01300390117",{"Year":13,"Food":102,"Alcohol & Tobacco":10,"Housing":103,"Apparel ":104,"Healthcare":105,"Insurance":10,"Entertainment":106,"Reading and Education":107,"Misc":108,"Religion and Charity":10,"Personal care":10,"Transportation":109},"0.392","0.229","0.162","0.045","0.032","0.004","0.106","0.03",{"Year":17,"Food":111,"Alcohol & Tobacco":10,"Housing":112,"Apparel ":113,"Healthcare":114,"Insurance":10,"Entertainment":115,"Reading and Education":116,"Misc":117,"Religion and Charity":10,"Personal care":10,"Transportation":118},"0.347","0.292","0.109","0.04","0.035","0.005","0.087","0.085",{"Year":22,"Food":120,"Alcohol & Tobacco":121,"Housing":122,"Apparel ":123,"Healthcare":124,"Insurance":125,"Entertainment":126,"Reading and Education":127,"Misc":128,"Religion and Charity":129,"Personal care":130,"Transportation":131},"0.3495405819","0.01837672282","0.2404287902","0.1393568147","0.04709035222","0.03177641654","0.0241194487","0.01607963247","0.006508422665","0.04555895865","0.02143950995","0.05972434916",{"Year":28,"Food":133,"Alcohol & Tobacco":134,"Housing":135,"Apparel ":136,"Healthcare":137,"Insurance":138,"Entertainment":139,"Reading and Education":140,"Misc":141,"Religion and Charity":142,"Personal care":143,"Transportation":144},"0.2720172367","0.04066792351","0.2418529491","0.1007271748","0.05736601131","0.05278750337","0.022","0.014","0.009695663884","0.04767034743","0.02100727175","0.1203878266",{"Year":36,"Food":146,"Alcohol & Tobacco":147,"Housing":148,"Apparel ":149,"Healthcare":150,"Insurance":151,"Entertainment":152,"Reading and Education":153,"Misc":154,"Religion and Charity":155,"Personal care":156,"Transportation":157},"0.2190662169","0.03000177525","0.2604296112","0.09195810403","0.0603586011","0.05308006391","0.038","0.015","0.01970530801","0.04970708326","0.02574116812","0.136694479",{"Year":44,"Food":159,"Alcohol & Tobacco":160,"Housing":161,"Apparel ":162,"Healthcare":163,"Insurance":164,"Entertainment":165,"Reading and Education":166,"Misc":167,"Religion and Charity":168,"Personal care":169,"Transportation":170},"0.1677370318","0.02526615456","0.276781819","0.05943549057","0.05545959823","0.07718193124","0.07442445752","0.01610961773","0.008959949876","0.05336967914","0.0173679845","0.1679041833",{"Year":53,"Food":172,"Alcohol & Tobacco":173,"Housing":174,"Apparel ":175,"Healthcare":176,"Insurance":177,"Entertainment":178,"Reading and Education":179,"Misc":180,"Religion and Charity":181,"Personal care":182,"Transportation":183},"0.1497155859","0.02288964733","0.3022525597","0.06002275313","0.04773606371","0.08632536974","0.04800910125","0.01979522184","0.02052332196","0.03212741752","0.0131513083","0.1958589306",{"Year":61,"Food":185,"Alcohol & Tobacco":186,"Housing":187,"Apparel ":188,"Healthcare":189,"Insurance":190,"Entertainment":191,"Reading and Education":192,"Misc":193,"Religion and Charity":194,"Personal care":195,"Transportation":196},"0.1367158443","0.01695388049","0.3256570791","0.05281428217","0.05368212249","0.09186709645","0.04996280684","0.01961939003","0.02374163154","0.02866972477","0.01249070171","0.1863997025",{"Year":68,"Food":198,"Alcohol & Tobacco":199,"Housing":200,"Apparel ":201,"Healthcare":202,"Insurance":203,"Entertainment":204,"Reading and Education":205,"Misc":206,"Religion and Charity":207,"Personal care":208,"Transportation":209},"0.1277984874","0.01605292077","0.3264022065","0.04063866922","0.05740265897","0.05145553664","0.1121334224","0.0229696826","0.01741041608","0.03583356677","0.01165722166","0.1797927126",{"Year":75,"Food":211,"Alcohol & Tobacco":212,"Housing":213,"Apparel ":214,"Healthcare":215,"Insurance":216,